NCTID	protein_target
NCT04700319	cd19;cd20
NCT06665295	
NCT06343090	cd19;cd22
NCT06904729	cd19
NCT03960060	
NCT04158011	
NCT05219721	
NCT06886919	
NCT04160195	cd19;cd20
NCT06917105	cd123;cd33
NCT02664363	
NCT04923919	cd123
NCT04162340	
NCT05098613	cd19;cd20
NCT04887012	cd19;cd20
NCT05366257	
NCT06647329	bcma;cd19;cd20;cd22
NCT05440409	
NCT04204161	cd19;cd22
NCT05759793	
NCT06513429	
NCT06572956	
NCT06850285	cd30
NCT03672253	bcma
NCT03283631	
NCT05650749	
NCT05585996	cd19
NCT06596057	cd19
NCT03881774	
NCT04863066	
NCT05618041	
NCT06756321	cd19;cd20;cd30
NCT05243212	
NCT02723942	
NCT06903117	
NCT06735495	
NCT05577091	
NCT04706936	bcma
NCT06821048	
NCT06326008	cd19;cd22
NCT06768151	
NCT04795882	cd38
NCT05370547	cd19;cd20
NCT06215950	cd70
NCT04280133	
NCT05362331	
NCT06010862	
NCT06698484	cd19
NCT05528887	
NCT05472558	cd19;cd20
NCT06010875	cd70
NCT04796441	cd123
NCT05563545	cd19
NCT04556669	
NCT03638167	
NCT05846347	cd19
NCT06420076	
NCT03954106	
NCT06006390	
NCT06326021	cd33
NCT04766840	
NCT06503094	
NCT03196830	cd19;cd20;cd22;cd30
NCT06156774	
NCT04842812	
NCT06503107	bcma
NCT05538195	
NCT04877080	cd19;cd20
NCT04792593	cd19
NCT06701201	
NCT04650451	her2
NCT02349724	
NCT02713984	her2
NCT06355908	
NCT05783089	mesothelin
NCT05247957	
NCT05976555	bcma
NCT04265963	cd123
NCT05779917	mesothelin
NCT04572308	
NCT06458439	cd19;cd20;cd28
NCT06696846	cd70
NCT06227026	
NCT06428188	
NCT05468190	cd70
NCT05420545	cd70
NCT06880380	
NCT06340750	
NCT06828341	cd70
NCT05373147	
NCT06911710	bcma;cd19;cd20;cd22;cd47
NCT06126406	
NCT06830031	cd19;cd20
NCT06690827	cd123
NCT06333275	
NCT04903080	her2
NCT05518253	cd70
NCT06350994	
NCT02575261	
NCT03267173	her2
NCT03302403	bcma;cd19;claudin18.2
NCT05641428	
NCT05445765	cd33
NCT05270772	cd19
NCT05513612	cd19
NCT03013712	
NCT06913192	
NCT05420519	cd70
NCT06691308	cd276
NCT05507827	cd19
NCT06316856	
NCT06617286	cd30
NCT05366569	
NCT04303247	cd19;cd20;cd22
NCT06462248	cd19
NCT04272151	bcma
NCT04546906	
NCT03754764	cd19;cd38
NCT05210907	cd19
NCT04796675	cd19
NCT06478459	
NCT06369389	
NCT05396300	
NCT06394622	cd70
NCT04503980	
NCT06653010	
NCT06420063	cd123;cd33
NCT06760260	
NCT05535855	cd19
NCT06846424	
NCT06559189	cd19;cd22
NCT05420493	cd19
NCT04010877	cd123;cd33
NCT06464861	cd19;cd20
NCT05054231	
NCT06429150	
NCT05302648	
NCT06485232	
NCT05995041	cd123;cd33;cd38
NCT05477446	
NCT06909474	
NCT04163575	cd22
NCT05745181	
NCT04271644	bcma
NCT05807789	
NCT06720324	
NCT06081478	cd19;cd22
NCT06783816	bcma;cd19;cd22
NCT04272125	cd123
NCT05858684	cd19
NCT06718738	
NCT03851146	
NCT02876978	
NCT06652633	
NCT06777979	cd19;cd22
NCT05309213	
NCT05654077	
NCT02965092	cd19
NCT06642025	
NCT05528341	
NCT03258047	
NCT06132711	
NCT05415475	
NCT06006403	cd123
NCT06439173	
NCT05652530	
NCT04489862	
NCT03952923	cd19
NCT04626739	cd19;cd20
NCT06716164	cd19;cd20
NCT06836505	
NCT03840317	cd19
NCT05388305	cd123
NCT05020392	cd19
NCT05315778	cd20
NCT05038696	cd19
NCT06762132	cd33
NCT02547948	cd19
NCT04638270	cd19;cd20
NCT06866873	cd19
NCT06661811	
NCT04271410	cd19
NCT03252171	
NCT05212584	
NCT05544526	
NCT06277011	cd19;cd20
NCT03758417	
NCT06045091	
NCT06752785	cd19;cd22
NCT06120166	cd19
NCT06711146	cd19
NCT05312476	
NCT05164042	cd19
NCT04626765	
NCT04447573	bcma
NCT06327997	mesothelin
NCT04100187	cd19
NCT04271800	cd19
NCT03500991	her2
NCT02915445	
NCT05410717	claudin;mesothelin
NCT03664661	bcma
NCT06238336	
NCT05651191	cd19
NCT06249256	mesothelin
NCT05523661	
NCT03121625	
NCT06464965	
NCT04506983	
NCT06248697	
NCT06393335	cd19;cd20
NCT06182735	
NCT04214886	
NCT05797948	cd19;cd22
NCT06815432	
NCT04185038	
NCT02958410	cd30
NCT04348643	
NCT02782351	
NCT05574608	cd123
NCT02958397	cd33
NCT02958384	
NCT04406610	
NCT04270461	
NCT02274584	cd30
NCT06827782	cd19
NCT04275154	
NCT04088890	cd20;cd22
NCT04029038	cd19;cd22
NCT05868083	
NCT02937103	cd123
NCT04381741	cd19;cd20
NCT06209671	cd19
NCT05577000	bcma;cd38
NCT04594135	
NCT05596266	
NCT05323201	
NCT06609928	
NCT02710149	cd20
NCT05943314	cd33
NCT05008575	cd33
NCT04892433	
NCT03226704	
NCT05691153	cd19
NCT04260932	cd19;cd20
NCT05225363	
NCT03312205	
NCT02737085	cd19;cd20
NCT04546893	cd19
NCT02186860	cd19
NCT06454890	
NCT06087341	
NCT05776355	
NCT05659628	cd19;cd20
NCT03322735	bcma
NCT04723914	cd19;cd20
NCT04260945	cd19;cd20
NCT05734898	
NCT05619861	
NCT04420754	
NCT05248048	
NCT06913179	
NCT06501183	
NCT06685042	
NCT05414162	
NCT04639739	cd19
NCT02659943	cd19
NCT04121273	
NCT03240328	
NCT06758713	cd19
NCT06653023	
NCT05211557	
NCT05648019	cd19
NCT06412458	cd40
NCT06739226	
NCT05043571	
NCT04534634	
NCT05909527	
NCT03488160	cd19
NCT04648475	cd19;cd22
NCT06339255	
NCT05887167	
NCT05554575	
NCT05215015	cd33
NCT05020444	cd38
NCT05240950	
NCT05463640	
NCT05397132	
NCT04684459	her2
NCT05410041	cd19
NCT06658951	her2
NCT02954445	bcma
NCT04781634	cd19;cd22
NCT02935153	cd22
NCT05432635	cd19
NCT05089266	
NCT06728189	cd70
NCT05871684	cd19;cd20
NCT04788472	cd19;cd22
NCT06316427	
NCT05487495	
NCT05354375	
NCT05137275	her2
NCT04385173	
NCT06013111	
NCT03159819	claudin18.2
NCT04303520	cd19
NCT06461624	
NCT06633341	
NCT05941156	cd56
NCT06688799	
NCT06464679	
NCT05801939	bcma;cd38
NCT03275493	cd19
NCT04513431	
NCT06101082	her2
NCT03068416	cd19
NCT05952804	cd19
NCT02311621	
NCT03186118	cd19
NCT03198052	claudin18.2;her2;mesothelin;psma
NCT04934774	
NCT04833504	cd19
NCT04776330	bcma
NCT04008251	cd19
NCT04717999	
NCT05631899	
NCT02132624	cd19
NCT05213195	
NCT06508346	
NCT04541368	bcma
NCT04782193	cd19;cd22
NCT04714827	
NCT05645601	cd19
NCT06569472	
NCT06633354	
NCT04790747	
NCT06880393	bcma
NCT04803929	
NCT05836896	bcma
NCT02903810	cd19
NCT06585345	
NCT05225831	cd19;cd22
NCT03198546	
NCT06221553	
NCT04723901	cd19;cd22
NCT03271632	
NCT05672147	cd33
NCT04257175	
NCT04702841	
NCT06186401	
NCT06792344	
NCT03330834	
NCT04969354	
NCT03919526	cd19;cd22
NCT02656147	cd19
NCT06481735	cd19
NCT05947487	cd70
NCT05739227	cd19;cd20
NCT04649983	cd19;cd22
NCT05948033	cd70
NCT05673447	cd19
NCT05554939	cd19;cd20
NCT06684639	
NCT05693844	mesothelin
NCT06018363	
NCT04626726	
NCT05454241	
NCT06762119	
NCT05800405	
NCT06820424	
NCT05990621	cd70
NCT03602612	bcma
NCT05322330	
NCT06307054	
NCT06420154	
NCT06623396	her2
NCT03879382	
NCT05194709	
NCT05715606	cd19
NCT03706547	bcma
NCT05747157	cd19
NCT04037566	cd19
NCT06675513	
NCT04412889	bcma;cd19
NCT05275062	
NCT03796390	cd123
NCT04290000	
NCT05130489	
NCT04601831	cd19
NCT06646666	
NCT05445011	
NCT02844062	
NCT06733610	bcma;cd19
NCT06010472	
NCT04657965	
NCT04033302	
NCT03628612	
NCT04605666	cd19
NCT05809284	cd19
NCT06056921	
NCT06371040	
NCT05749133	
NCT05123209	
NCT04916860	
NCT03563326	
NCT05290155	
NCT06900764	
NCT04324996	
NCT00867958	
NCT06680388	
NCT03330691	cd19;cd22
NCT06348797	
NCT03233854	cd19;cd22
NCT06072989	
NCT03146234	
NCT05312411	
NCT04762485	
NCT05467254	cd33
NCT05470777	cd19;cd22
NCT02546739	cd19
NCT06326463	cd19;cd70
NCT02652910	cd19
NCT04077866	
NCT02672501	cd19
NCT02247609	cd19
NCT06691152	
NCT04007978	cd20;cd22
NCT06641453	
NCT04008394	cd30
NCT06890091	
NCT04283006	cd19
NCT05757219	
NCT03684889	cd19
NCT06084286	
NCT06612645	
NCT06350110	cd19
NCT02742727	
NCT05775666	mesothelin
NCT00880984	
NCT02547961	her2
NCT05627323	
NCT06006741	
NCT06515262	cd38
NCT03262298	cd22
NCT06196255	
NCT06026319	cd20;cd79
NCT03241940	cd19;cd20;cd22
NCT05239689	cd38
NCT05840107	
NCT06759181	
NCT04537442	
NCT05436223	cd20
NCT02617134	
NCT06097832	cd38
NCT04684472	cd19
NCT05473221	cd33
NCT03415100	
NCT04004637	
NCT04844086	cd19;cd20
NCT04981691	mesothelin
NCT06242249	bcma
NCT06676982	cd19;cd68
NCT06590545	
NCT04973527	
NCT06220097	cd19
NCT06732232	bcma;cd38
NCT06764537	
NCT03380039	bcma
NCT05605197	
NCT05998928	cd38
NCT02729493	
NCT03854994	cd19
NCT06585514	cd19
NCT05645744	
NCT03975907	
NCT06196294	mesothelin
NCT02725125	
NCT04835519	cd33
NCT05805371	
NCT06631040	cd19
NCT04088864	cd19;cd20;cd22
NCT06707259	cd19;cd20
NCT06222853	
NCT05333302	cd19
NCT04318678	cd123;cd19
NCT04697290	cd19;cd20
NCT05848999	mesothelin
NCT06381830	
NCT05453669	cd20
NCT06532630	
NCT06788964	cd19
NCT06554951	
NCT06834529	cd19;cd20;cd22
NCT05013372	cd147
NCT03179007	
NCT02794961	
NCT03672305	
NCT05024175	
NCT02349698	
NCT05298995	
NCT06373081	cd19
NCT04740203	cd19;cd22
NCT03338972	bcma;cd138
NCT02963038	
NCT06760936	
NCT05344664	
NCT04447547	cd19
NCT05587543	
NCT03049449	cd20;cd30
NCT04287309	cd19
NCT03873805	
NCT01593696	cd19
NCT05059912	
NCT05478343	bcma
NCT04182581	bcma;cd19
NCT06825455	
NCT05725720	
NCT05620706	
NCT06445803	cd20
NCT03559439	cd19;cd20
NCT04412174	cd19;cd20;cd22
NCT03881761	cd19;cd20
NCT03076437	cd19
NCT04928105	
NCT04860817	
NCT04194931	
NCT06252402	
NCT05063682	
NCT06346912	cd19
NCT03298828	cd19
NCT03356795	mesothelin;psma
NCT04846439	
NCT05252572	
NCT05032820	cd34
NCT06323525	cd19;cd20
NCT06375161	
NCT04657861	bcma
NCT06110208	cd38
NCT04499339	cd38
NCT03271515	cd19;cd20
NCT06196658	
NCT05767359	
NCT05052528	cd19;cd20
NCT03638206	bcma;cd19;cd22;cd33;cd38;mesothelin
NCT05755828	cd19
NCT05143112	cd19
NCT03767751	bcma;cd38
NCT03375619	
NCT03029338	cd19
NCT01853631	cd137;cd19;cd28
NCT04526834	cd30
NCT03696030	her2
NCT06497387	
NCT06316076	
NCT04036019	cd19;cd20
NCT06056102	
NCT02537977	cd19
NCT06279923	
NCT04727008	
NCT05320081	cd30
NCT04464200	cd20
NCT06497361	
NCT04627740	mesothelin
NCT04603872	bcma;cd19
NCT02917083	cd30
NCT06352281	
NCT04532203	cd19
NCT06532643	cd19;cd20;cd30
NCT05459870	
NCT04214392	
NCT04662294	cd70
NCT02850536	
NCT02735291	
NCT05008536	
NCT05673434	
NCT05827835	
NCT02728882	cd19;cd20
NCT05801913	cd19
NCT06349343	
NCT03086954	cd19
NCT06298019	
NCT05846737	
NCT04599543	cd123
NCT04153799	
NCT06556108	
NCT06198296	
NCT06649227	cd19
NCT05631886	
NCT04661020	cd20
NCT03263208	cd19
NCT04689659	
NCT05206071	cd19;cd20;cd22
NCT05748938	
NCT02842138	cd19
NCT06373991	
NCT04658004	
NCT03631576	
NCT05480501	
NCT04483778	
NCT05918809	
NCT06785519	
NCT05739188	
NCT05990751	
NCT04610125	
NCT04035252	
NCT05131763	
NCT05155215	cd19
NCT04715217	cd19;cd22
NCT02975687	cd19
NCT04714593	cd19;cd22
NCT05287165	
NCT06241365	
NCT05625594	cd19
NCT06224738	her2
NCT02919046	
NCT03940820	
NCT03884751	
NCT03672851	cd123
NCT05515185	
NCT04014881	cd123
NCT05266950	
NCT05385263	cd19
NCT05016063	cd33
NCT05241392	
NCT06084962	cd38
NCT03182816	
NCT06464185	cd20
NCT06384976	cd20
NCT06541327	
NCT05370430	cd19
NCT05400109	cd19
NCT03994913	cd20
NCT03940833	bcma
NCT06421701	
NCT05620680	
NCT06754566	
NCT03941626	mesothelin
NCT03692767	cd19
NCT03690310	cd19
NCT06298266	
NCT04943016	cd19;cd20
NCT03373071	cd19
NCT06856278	
NCT02721407	cd19;cd22
NCT02930993	mesothelin
NCT05418088	cd19;cd20;cd22
NCT06213636	cd19;cd20;cd22
NCT06787560	
NCT04662099	bcma
NCT03030976	cd19
NCT06179524	cd19
NCT04240808	cd19
NCT06503497	
NCT05621486	
NCT06400303	
NCT06784726	cd20
NCT06880354	cd38
NCT06865664	
NCT04911478	
NCT03999697	cd22
NCT06613490	
NCT05674175	cd19;cd22
NCT03463928	
NCT03030001	mesothelin
NCT06705725	bcma
NCT04637269	bcma
NCT04129099	cd19;cd22
NCT02028455	cd19
NCT05352828	cd30
NCT05507593	
NCT03931421	
NCT05354973	
NCT05651100	cd19;cd22
NCT03070327	bcma
NCT06150651	
NCT06101381	cd19;cd20
NCT06842589	
NCT02846584	cd19;cd20
NCT06347718	
NCT06916767	
NCT04626752	bcma
NCT04691713	
NCT05432882	cd19;cd22
NCT06451159	cd20
NCT06176690	cd30
NCT04003649	
NCT05969002	
NCT03706326	
NCT06481241	cd19
NCT04828174	
NCT03980288	
NCT05570188	cd19
NCT03919240	cd19
NCT06519344	cd19;cd20;cd30
NCT06446128	bcma;cd19;cd20
NCT06364423	cd19
NCT00878241	
NCT03093168	
NCT06138132	
NCT05532761	
NCT02933775	cd19
NCT03222674	cd123;cd33;cd38;cd56
NCT03929107	cd19
NCT03244306	cd22
NCT06027957	cd19
NCT06792799	
NCT06633328	
NCT05248685	cd33
NCT05488132	
NCT04888338	
NCT05438368	cd70
NCT05437341	cd70;psma
NCT05437328	cd56
NCT05208853	cd30
NCT04653493	cd19
NCT06717022	
NCT04191941	
NCT06201247	cd123
NCT06815029	
NCT04938115	
NCT06644443	bcma
NCT05934838	
NCT06724835	
NCT06828042	cd19;cd20
NCT06014073	cd19;cd20
NCT05812326	
NCT06055439	
NCT05431608	cd138;cd38
NCT06125652	
NCT03064269	cd19
NCT06793449	bcma
NCT03932955	cd19
NCT05436496	cd19;cd70
NCT06880913	cd19;cd22
NCT05436509	cd19;cd79
NCT03191773	cd19
NCT06659653	cd19;cd22
NCT05979792	
NCT03671460	cd19
NCT06768905	cd20
NCT04288726	cd30
NCT06041815	
NCT04532268	cd19
NCT05239143	
NCT03943472	
NCT05712083	bcma
NCT05467202	
NCT05509530	bcma
NCT05640713	
NCT03827343	
NCT06594211	bcma;cd38
NCT06710717	
NCT03525782	
NCT03661554	bcma
NCT05531708	mesothelin
NCT04151186	
NCT05990465	
NCT05845502	
NCT04532281	cd19
NCT05085444	bcma;cd19
NCT04289220	cd19
NCT03502577	bcma;cd138
NCT05260957	cd19;cd20
NCT05404048	
NCT06106776	
NCT03716856	bcma
NCT04914091	
NCT06762431	cd19
NCT06695013	cd19;cd20
NCT05707273	cd19
NCT05963100	mesothelin
NCT03468153	cd19;cd22
NCT02959151	mesothelin
NCT04976218	
NCT04550663	
NCT06847269	cd19
NCT05993611	
NCT06078306	cd19;cd22
NCT05437315	psma
NCT05202782	
NCT02416466	
NCT04499573	cd19;cd22;cd45
NCT06342960	
NCT05349201	
NCT05679895	
NCT05748197	
NCT02050347	cd19;cd28
NCT04034446	cd19;cd22
NCT05944185	
NCT03084380	
NCT06793475	
NCT05085418	bcma;cd19
NCT02944162	cd33
NCT03398967	
NCT02839954	
NCT05066022	
NCT06481228	cd19
NCT03690011	
NCT03574168	cd19
NCT03545815	mesothelin
NCT05686720	her2;mesothelin
NCT04697940	cd19;cd20
NCT06854159	
NCT06318533	
NCT05744037	cd19
NCT05779930	cd19
NCT02772198	cd19
NCT05574114	cd19
NCT05312801	
NCT05859997	cd19
NCT04661384	
NCT06874946	
NCT05594797	
NCT03564977	
NCT04336501	cd19
NCT03366324	cd19
NCT05675982	cd19
NCT04897321	
NCT02980315	
NCT05085431	bcma;cd19
NCT02935257	cd19
NCT05032599	
NCT03467256	cd19
NCT06735690	cd19
NCT05679687	cd19
NCT05030779	bcma;cd19
NCT06482905	
NCT04516551	cd19
NCT03825718	cd19
NCT04196205	
NCT06486051	cd20
NCT04995003	her2
NCT04951141	
NCT04640909	
NCT06705530	cd19
NCT06706102	
NCT03383952	cd19
NCT06333483	
NCT06071871	cd20
NCT04626908	cd19;cd22
NCT04249947	psma
NCT04219319	
NCT06793241	cd19
NCT03366350	cd19
NCT03207178	
NCT03356782	
NCT03576807	
NCT06581081	cd19
NCT04020575	her2
NCT06068400	
NCT02443831	cd19;cd22
NCT04952584	cd30
NCT06607289	
NCT05477927	
NCT04340167	cd22
NCT01683279	cd19
NCT06106906	
NCT04609241	cd123;cd69
NCT06314828	cd19;cd20
NCT05651178	cd19;cd22
NCT06340490	cd19
NCT04850560	cd19;cd20
NCT06506396	
NCT04440436	cd19;cd20
NCT05626400	
NCT03373097	
NCT04316624	cd19;cd20
NCT03126864	cd33
NCT04840875	
NCT05546723	cd38
NCT06104592	
NCT02822326	cd19
NCT06616727	
NCT03559764	bcma
NCT06721598	
NCT06365671	cd20
NCT04134325	cd30
NCT06902012	
NCT06228404	psma
NCT03618381	
NCT06277427	
NCT05332054	
NCT06231368	
NCT06567366	cd19;cd20
NCT06136364	
NCT02107963	
NCT06614270	
NCT04169932	cd20
NCT05382377	
NCT06180174	cd19;cd20
NCT02134262	
NCT06690359	
NCT05429905	
NCT05835687	
NCT05341492	
NCT02442297	her2
NCT03825731	cd19
NCT06096038	
NCT06066424	her2
NCT05281809	cd19;cd20
NCT06208878	
NCT06333509	cd38
NCT06046040	
NCT03747965	mesothelin
NCT03464916	
NCT02315612	cd22
NCT06662227	cd19
NCT06134960	
NCT04203459	
NCT06435897	
NCT05797233	cd19;cd20
NCT03938987	cd19
NCT06622694	
NCT05856643	mesothelin
NCT04637503	cd276;psma
NCT05938725	
NCT04665076	bcma;cd19;cd22;cd79
NCT04665063	cd19;cd22;cd30;cd79
NCT06821659	cd20
NCT04745559	cd19
NCT04325841	cd19
NCT06054308	
NCT06871410	
NCT03682744	
NCT06673381	
NCT03916679	mesothelin
NCT05907603	
NCT06337474	
NCT03585517	cd123
NCT03799913	mesothelin
NCT04094766	cd19;cd22
NCT05277987	claudin 18.2;her2
NCT06681337	cd19
NCT03824964	cd19;cd22
NCT06522932	cd19
NCT04268706	cd30
NCT05988216	cd19
NCT05430945	bcma
NCT06064903	
NCT05583201	
NCT05929716	
NCT06885697	mesothelin
NCT04889716	cd20
NCT06870279	cd70
NCT06043466	
NCT06508775	
NCT05926726	
NCT06610344	cd19
NCT04119024	
NCT04093648	
NCT05716113	
NCT05105867	
NCT05117138	
NCT06106893	
NCT05060796	
NCT02208362	
NCT06635330	cd19
NCT06703216	cd19
NCT02194374	
NCT05381662	cd19
NCT06553898	
NCT06408194	cd19;cd22
NCT06663046	
NCT06271057	cd19
NCT06247501	cd19
NCT03932565	
NCT04670055	bcma
NCT04484012	cd19
NCT06849921	bcma;cd123;cd133;cd19;cd20;cd22;cd33;cd38;cd79
NCT04318327	cd38
NCT06652243	
NCT06730256	
NCT03473496	bcma;cd138;cd38;cd56
NCT04823091	
NCT05740891	bcma
NCT04595162	cd19
NCT04814004	
NCT04048434	
NCT05909059	
NCT05905328	cd19
NCT02456350	cd19
NCT04008524	
NCT05995028	
NCT03984968	
NCT05150522	bcma
NCT04691349	
NCT04237428	cd19
NCT04545762	cd19;cd20
NCT03182803	mesothelin
NCT03142646	cd19
NCT06581640	bcma
NCT06479356	cd19;cd20
NCT04215016	cd19;cd20
NCT03778346	
NCT05571540	cd19
NCT05442515	cd19;cd22
NCT03556982	cd123
NCT05255354	
NCT06223646	
NCT04666168	cd19;cd20;cd22;cd30;cd79
NCT03980691	
NCT05705570	cd19;cd20
NCT05893693	
NCT03585764	
NCT06482684	
NCT03173417	cd19
NCT02229370	
NCT04653649	cd30
NCT06698744	bcma;cd38
NCT05995015	cd19
NCT06343376	cd19;cd20
NCT04429451	psma
NCT03544021	cd19
NCT04377932	
NCT03768310	cd19
NCT05096234	
NCT03436771	
NCT05922930	
NCT05353530	cd70
NCT05702853	cd19
NCT05117008	bcma;cd38
NCT06212154	
NCT04556266	cd19
NCT03642626	cd19
NCT05860036	bcma
NCT03937544	
NCT05103631	
NCT04690595	cd19
NCT04577326	
NCT06633042	
NCT05623488	her2;mesothelin
NCT04148430	cd19
NCT06786533	
NCT05239676	
NCT05828225	
NCT06562647	
NCT05984199	cd33
NCT03473457	cd117;cd123;cd33;cd34;cd38;cd56
NCT05007379	
NCT06392763	
NCT03710421	cd38
NCT06519565	
NCT05143151	cd276
NCT05826288	
NCT03528421	cd19
NCT06017258	cd371
NCT04209829	
NCT06895811	psma
NCT05698303	bcma;cd38
NCT03288493	cd38
NCT05237986	
NCT06149169	cd19;cd20
NCT04410900	
NCT05412329	
NCT03989011	
NCT05826535	cd20
NCT06557265	
NCT04847466	her2
NCT03281551	cd19
NCT05274451	
NCT06892145	
NCT04473937	
NCT04785833	
NCT04340154	cd19;cd22
NCT04732845	cd19
NCT05789303	bcma
NCT06518876	
NCT06784167	
NCT04571138	cd22
NCT03818165	
NCT01865617	cd19;cd20
NCT06902896	
NCT05239702	
NCT05802693	
NCT04599556	
NCT06475495	
NCT05064787	
NCT05588440	cd19;cd20
NCT06682793	
NCT03383965	cd30
NCT05828212	
NCT04512716	cd19;cd20
NCT04430530	cd10;cd123;cd19;cd20;cd22;cd38
NCT05852717	cd20
NCT06052826	
NCT02685670	cd19
NCT03958656	
NCT06358430	
NCT06703892	cd19;cd20
NCT04186520	cd19;cd20
NCT04176913	cd20
NCT04747093	cd19
NCT06509490	
NCT05223686	cd19;cd22
NCT05979363	bcma
NCT05776407	cd19;cd20
NCT05003895	
NCT06158139	
NCT04511871	her2
NCT00497263	
NCT01056796	
NCT05269914	
NCT05325801	bcma
NCT05016778	
NCT05487651	cd19;cd20
NCT06210243	cd19
NCT06058858	
NCT05621096	
NCT06249438	
NCT05302037	
NCT06732492	
NCT04488354	
NCT03085173	cd19;cd20
NCT03598179	cd19
NCT05168748	cd19;cd22
NCT06794008	
NCT04300998	
NCT06167785	cd19
NCT05667155	cd19;cd20;cd70
NCT03103971	cd19;cd20
NCT04452994	
NCT06544330	
NCT06871644	
NCT05665725	cd19
NCT03483688	cd20
NCT06813417	
NCT05638828	
NCT06352242	cd19
NCT06379451	
NCT06254807	her2
NCT03540303	cd19
NCT06552572	
NCT04037241	
NCT05864924	
NCT06355739	cd19;cd20;cd22
NCT04183426	
NCT05110742	
NCT04853277	
NCT04007029	cd19;cd20
NCT06430736	
NCT05613348	cd19
NCT04099797	
NCT05768880	
NCT04219163	
NCT06614686	
NCT05736731	
NCT05934448	
NCT03720457	cd19
NCT06193889	
NCT06775912	
NCT04655677	cd19;cd20
NCT02905188	
NCT04030195	cd20
NCT06641024	cd19
NCT03765177	cd19
NCT06051695	
NCT03060356	her2
NCT04715191	
NCT05989204	cd19
NCT05489991	
NCT02081937	cd19
NCT02965157	cd20
NCT04601181	cd19;cd22
NCT00468416	
NCT04003168	bcma
NCT03455972	
NCT03874897	claudin 18.2;claudin18.2
NCT04429438	cd13;cd19;cd22;cd70;cd79;psma
NCT06027853	
NCT05263817	
NCT05987696	cd33
NCT03882840	
NCT06469190	cd19;cd20
NCT03549442	bcma
NCT05902845	
NCT03711864	
NCT05811117	
NCT06906380	
NCT03125577	cd123;cd19;cd20;cd22;cd30;cd38;cd70
NCT06733935	
NCT06791681	bcma
NCT06902844	
NCT05963217	cd19
NCT04561557	cd20
NCT06799247	
NCT04767308	cd20
NCT04264039	cd19
NCT04486872	cd19;cd20
NCT03814447	mesothelin
NCT06718244	cd19
NCT03811457	cd19
NCT06912152	
NCT05028933	
NCT02445222	
NCT03605238	
NCT06822868	
NCT03740256	her2
NCT03994705	
NCT04206943	cd19
NCT06242834	
NCT06126341	
NCT05822037	
NCT02715362	
NCT05023707	
NCT05128786	
NCT05390671	
NCT06589089	
NCT05665062	cd19
NCT05576181	cd19;cd22
NCT06144385	
NCT06144151	
NCT03291444	cd10;cd117;cd123;cd19;cd20;cd22;cd33;cd34;cd38;cd56
NCT04107285	cd19
NCT03915184	cd38
NCT04264078	
NCT05514327	
NCT04503538	
NCT04082910	
NCT02819583	cd19
NCT03056339	
NCT05091541	cd20
NCT03448393	cd19;cd22
NCT06734871	
NCT05727683	
NCT04960579	bcma;cd38
NCT06912529	cd20
NCT06049381	cd20
NCT03890198	claudin18.2
NCT06588491	
NCT05714345	
NCT06080191	cd19;cd22
NCT05166070	mesothelin
NCT04623944	
NCT05722418	cd38
NCT04236011	
NCT02932956	
NCT03110640	cd19
NCT04836507	
NCT05535673	cd19;cd20
NCT03798509	cd19
NCT05942599	cd33
NCT00547911	
NCT06548607	
NCT04049513	cd19
NCT06630104	cd19
NCT03720496	cd19
NCT05838131	
NCT03615313	mesothelin
NCT06834373	
NCT03287804	
NCT01087294	cd19
NCT06480565	
NCT03941457	
NCT04279470	
NCT03166878	cd19
NCT06004167	
NCT05643092	
NCT06593145	cd19
NCT06752876	
NCT05757700	cd20
NCT06838832	cd19
NCT03055455	
NCT05911217	
NCT06325748	cd33
NCT05842707	cd19;cd70
NCT06852573	
NCT05981235	
NCT04718883	cd19
NCT05822427	
NCT05393986	her2
NCT06447987	cd19
NCT03098355	cd19
NCT05910866	
NCT03774654	cd19;cd20
NCT04287660	bcma
NCT03593109	cd19;cd20;cd22
NCT06285422	cd19
NCT05681286	
NCT02259556	cd30
NCT03931720	
NCT06694298	
NCT06066346	bcma;cd38
NCT04359784	
NCT06769191	
NCT05932173	
NCT03208556	cd19
NCT06218602	cd19
NCT06287528	cd19
NCT04173988	cd19
NCT05326243	cd19;cd20
NCT05075603	cd19
NCT04555551	cd138;cd38
NCT03624036	cd20
NCT05474378	
NCT05540873	
NCT06709131	
NCT06024486	
NCT04712864	cd30
NCT04935580	
NCT05950802	cd20
NCT06574126	
NCT02892695	cd19
NCT06730659	cd70
NCT05020678	cd19;cd20
NCT03393936	
NCT04089215	cd19
NCT05176275	cd19
NCT06465147	
NCT05620732	claudin 18.2
NCT06696833	cd19
NCT04430595	cd44;her2
NCT05464719	cd19
NCT01953900	
NCT05181501	
NCT05201118	bcma
NCT05277753	cd317;cd38;cd47;cd99
NCT04981119	
NCT05664217	cd19
NCT03573700	cd19
NCT06720701	
NCT03253289	
NCT06586658	cd70
NCT02744287	
NCT04322292	bcma
NCT03294954	
NCT05654038	cd19
NCT01109095	her2
NCT03674463	bcma
NCT04892277	cd19
NCT04328298	
NCT06869278	
NCT05377827	
NCT03185494	cd19
NCT06515626	bcma;cd19;cd276;her2;mesothelin
NCT05334823	cd19
NCT06579469	
NCT06518668	
NCT05878184	
NCT04581473	her2
NCT06782425	claudin18.2
NCT06674850	
NCT03751293	bcma
NCT00902044	her2
NCT05422521	
NCT03321123	cd19
NCT05169489	cd20
NCT04796688	cd19;cd20
NCT06271252	bcma
NCT05672459	
NCT03434769	cd19
NCT03155191	cd19
NCT06419166	
NCT04691284	
NCT01454596	
NCT05639179	cd19
NCT05077527	cd19;cd20
NCT05870917	bcma
NCT03624686	
NCT06888856	
NCT03645707	
NCT06185751	bcma;cd38
NCT03277729	cd20
NCT03815383	bcma
NCT05498545	
NCT04812691	cd19
NCT06310811	
NCT04295018	bcma
NCT03130712	
NCT06236139	
NCT03620058	cd19;cd22
NCT06691685	bcma
NCT05576220	
NCT03050190	cd19
NCT06389305	
NCT05472610	cd19;cd20
NCT04404660	cd19
NCT03090659	bcma
NCT04817774	
NCT04696432	cd19;cd20
NCT05510596	
NCT06623630	
NCT05106946	cd22
NCT05106907	cd19
NCT06592092	
NCT04649112	cd19
NCT04881240	cd19
NCT05416554	
NCT05306080	
NCT02968472	cd19
NCT05873712	cd19
NCT04136275	cd19;cd20;cd37
NCT05850286	cd138
NCT06361745	
NCT06153095	
NCT05066646	bcma
NCT04196413	
NCT02623582	
NCT06857786	
NCT05978661	
NCT03579927	cd19;cd34
NCT03612739	
NCT05731219	
NCT06003179	
NCT05070156	
NCT04562298	mesothelin
NCT03344705	cd19
NCT04510051	
NCT04787263	cd19
NCT02429791	
NCT06760364	mesothelin
NCT06251544	her2
NCT05837299	
NCT05262673	cd10;cd123;cd19;cd20;cd22
NCT06128044	
NCT04045847	cd147
NCT04002401	cd20
NCT04864821	cd276
NCT02422797	
NCT03355859	cd19
NCT03344367	cd19
NCT02706405	cd19
NCT05010564	cd19;cd20;cd22
NCT03676504	cd19;cd20
NCT06407947	
NCT04394650	cd38
NCT04861480	
NCT01897415	
NCT05359211	cd19
NCT03993743	cd147
NCT06197672	
NCT03287817	cd20
NCT05654779	
NCT06094842	
NCT01889992	
NCT05020015	cd19;cd20
NCT04677452	cd38
NCT05800067	cd19
NCT05292898	cd19;cd20;cd22
NCT06014762	cd19;cd20
NCT04427449	cd44
NCT05759728	
NCT05092451	cd70
NCT03579888	cd19;cd20
NCT03904069	
NCT05127135	
NCT06534060	cd30
NCT05352542	
NCT06560827	
NCT05000450	
NCT03289455	cd19;cd22
NCT05270928	
NCT03893019	
NCT02414269	mesothelin
NCT05474885	
NCT03497533	cd19
NCT06256055	
NCT05741359	cd19
NCT03097770	cd19;cd20
NCT06173518	cd19
NCT06367673	cd33
NCT06209619	cd19
NCT04884984	
NCT04083495	cd30
NCT04975555	
NCT05172596	cd38
NCT04016129	cd10;cd123;cd19;cd20;cd22;cd38
NCT04432506	
NCT05081479	
NCT04404595	
NCT03907527	
NCT01700829	
NCT04049383	cd19;cd20
NCT03645512	
NCT05376345	
NCT06777264	cd19
NCT01735604	cd20
NCT03590574	
NCT03939026	
NCT02976857	cd20
NCT05366179	
NCT06462144	
NCT04888468	cd19
NCT04186052	
NCT02473757	
NCT05568680	
NCT05421663	cd20
NCT04433221	
NCT04107142	
NCT06514794	
NCT05340829	cd19
NCT03422952	
NCT04405778	
NCT06743503	
NCT05015972	cd19
NCT04973943	
NCT02842320	
NCT02541370	cd133
NCT04093596	cd38
NCT06294236	
NCT06359509	bcma
NCT06686524	
NCT06347458	
NCT05108805	cd20
NCT05401318	
NCT02706392	cd20;her2
NCT06414148	cd19
NCT06550141	
NCT05634785	
NCT06191887	cd19;cd20
NCT03349255	
NCT06144606	cd19
NCT05349266	cd19
NCT06655519	cd38
NCT06429800	
NCT06895473	
NCT05364424	cd20
NCT05266768	
NCT01864902	cd33
NCT05199961	
NCT05946226	
NCT04014894	cd19;cd20
NCT06917742	
NCT06328777	
NCT06882317	
NCT06469281	
NCT04789408	
NCT05936229	
NCT04474067	
NCT04989803	
NCT04890236	
NCT05763563	
NCT05732948	psma
NCT04514029	
NCT02580747	mesothelin
NCT06067581	
NCT03274219	cd38
NCT03389035	cd19
NCT06414278	
NCT02830724	cd70
NCT04134117	
NCT05491122	
NCT04390542	
NCT06313957	cd20
NCT02851589	cd19
NCT01538394	
NCT05398614	
NCT01840566	
NCT06549296	
NCT06548620	
NCT04693676	cd19;cd20
NCT04231747	cd20
NCT04097301	cd38;cd44
NCT05022849	
NCT06118788	
NCT06189157	
NCT04503278	
NCT03361748	cd38
NCT06071624	
NCT05234190	
NCT05850234	cd38
NCT04984356	
NCT00881920	
NCT02159495	cd123
NCT06383507	cd70
NCT06517004	cd20
NCT06646627	
NCT05972720	cd19
NCT05773040	cd19;cd20
NCT04409314	
NCT06544265	
NCT05633615	cd19
NCT05204160	bcma
NCT03548207	cd38
NCT06026644	
NCT02658929	
NCT06009107	cd19;cd22
NCT02535364	cd19
NCT06116032	
NCT01864889	cd19
NCT01318317	
NCT06353152	claudin18.2
NCT06590246	
NCT04156269	
NCT04780529	
NCT04146051	
NCT05164666	mesothelin
NCT03666000	cd19;cd20
NCT06116110	
NCT04660929	her2
NCT04792489	
NCT06038474	
NCT05784441	cd20
NCT03664635	cd20
NCT04652219	
NCT03638193	
NCT01583686	mesothelin
NCT04703686	cd20
NCT06345027	cd19;cd33;cd70
NCT04735471	cd19;cd20
NCT06208735	cd22
NCT01430390	cd19
NCT05099237	
NCT05058898	
NCT06626919	
NCT04923893	
NCT06414135	
NCT04156178	cd19;cd20
NCT06708845	
NCT06253663	cd20
NCT06680752	
NCT06182696	cd38
NCT06375993	
NCT02195583	
NCT03081910	
NCT06378190	
NCT05350852	cd19
NCT04296461	cd20
NCT06206902	cd19;cd20
NCT02881775	
NCT05987527	
NCT04021290	
NCT02765243	
NCT05120271	
NCT06056752	cd19
NCT06528301	cd19
NCT05457010	
NCT05626764	
NCT01886976	cd138
NCT04109482	
NCT06316791	
NCT05201781	
NCT04888442	cd19
NCT05950113	bcma;cd38
NCT05888493	cd20
NCT06738082	
NCT01475058	cd19;cd20
NCT02215967	bcma
NCT00924326	cd19
NCT06913608	
NCT05461378	
NCT03554694	
NCT06787989	
NCT05350787	cd19;cd22
NCT06504199	
NCT01271595	
NCT02761915	
NCT03392545	
NCT05893940	
NCT06785818	
NCT06150885	
NCT01822652	
NCT06561425	
NCT05044039	
NCT06267729	psma
NCT05182073	bcma;cd38
NCT01218867	
NCT05191472	bcma;cd38
NCT06735274	
NCT05993949	cd19
NCT03829540	
NCT06197178	
NCT04064632	
NCT06238648	cd19;cd20
NCT06279936	
NCT06574958	
NCT01192464	cd30
NCT02614066	cd19
NCT02395250	
NCT03448978	
NCT02331693	
NCT06090864	
NCT04844866	cd20
NCT04156243	
NCT04690192	cd20
NCT04648046	
NCT02953756	
NCT03902197	cd19
NCT04880434	cd20
NCT06079164	
NCT06274840	
NCT05521802	
NCT06347068	her2
NCT04637763	
NCT05923541	
NCT06001684	
NCT03721068	
NCT01860937	cd19
NCT05667506	cd19
NCT04169022	
NCT02587689	her2
NCT03318861	
NCT03602157	cd30
NCT03003234	
NCT05268172	
NCT04696731	
NCT06879262	cd19;cd22
NCT05745948	
NCT03389230	cd19;her2
NCT06704269	
NCT04205838	
NCT01460901	
NCT04227275	
NCT04855136	cd38
NCT02129543	
NCT05632380	
NCT06688435	
NCT04133636	bcma;cd38
NCT05895994	
NCT06402994	
NCT04608487	cd20
NCT05054582	
NCT05472857	claudin18.2
NCT06045910	cd19
NCT06279026	bcma
NCT06002659	cd19;cd20
NCT03761056	
NCT05388695	cd19;cd20;cd22
NCT01815749	cd34
NCT03170141	
NCT06271369	
NCT04025216	cd38;her2
NCT05142124	
NCT02873390	her2
NCT06742593	
NCT05237440	
NCT03114670	cd123
NCT04181827	
NCT06897930	
NCT06816823	
NCT05217784	
NCT02953717	
NCT05052294	
NCT05123001	cd19;cd22
NCT02663297	cd30
NCT06215105	
NCT01333202	
NCT03617198	
NCT02862028	her2
NCT04314843	cd20
NCT03494725	
NCT04977193	claudin 18.2
NCT05783570	
NCT06718270	
NCT04416984	
NCT06765876	cd123;cd19
NCT06727383	
NCT04815356	cd22
NCT05561868	
NCT05256641	
NCT05190185	
NCT06822881	
NCT05765006	
NCT05945849	
NCT06539338	cd20
NCT04553393	cd19;cd20
NCT03105336	
NCT02799134	
NCT06827886	
NCT06413498	cd38
NCT04720313	
NCT06500273	
NCT04822974	
NCT05170568	
NCT04171843	cd38
NCT04067414	cd20
NCT04726787	
NCT03154775	cd20
NCT06714071	
NCT03870945	cd19;cd20
NCT04692948	
NCT05017883	
NCT05432401	
NCT05991388	
NCT02277522	
NCT06553872	cd19
NCT03599375	cd19
NCT05680922	
NCT06789081	
NCT06878248	
NCT06709469	cd19;cd22
NCT04617704	bcma
NCT03299738	cd20
NCT03635632	her2
NCT04295096	
NCT05982275	
NCT05141253	mesothelin
NCT04992234	
NCT04724642	
NCT05762094	
NCT06796517	
NCT05310591	cd19
NCT06681285	
NCT03019055	cd19;cd20
NCT01837602	her2
NCT03853616	cd19
NCT06894693	cd19;cd20
NCT02478632	
NCT06285825	
NCT02926833	cd20
NCT04384393	cd19
NCT05784415	cd19
NCT03323944	
NCT06364852	cd20
NCT06279611	cd20
NCT03155100	
NCT03601078	cd38
NCT06048250	cd38
NCT06142175	
NCT05800977	cd19;cd20
NCT05336383	bcma
NCT02706782	mesothelin
NCT02203825	
NCT06305299	
NCT05562024	
NCT03185468	
NCT05319314	
NCT05539430	her2
NCT06142188	
NCT06307600	cd19
NCT03594162	cd19
NCT06879340	cd19;cd20;cd22
NCT02694952	
NCT03430011	bcma;cd38
NCT06888752	
NCT03499197	
NCT05666700	
NCT02624258	
NCT03336567	
NCT04163302	cd19
NCT06285279	
NCT06395870	cd19;cd20
NCT05371145	
NCT06295549	cd19;cd20
NCT03496194	
NCT06472479	
NCT06290622	cd19
NCT05190653	
NCT05318963	cd19;cd20;cd22
NCT03876769	cd19
NCT06904131	
NCT04877613	
NCT05865301	
NCT05040230	
NCT04162119	bcma
NCT02601313	cd20
NCT05952375	claudin 18.2
NCT06801119	
NCT04468412	
NCT06503211	cd19;cd20
NCT06532812	
NCT04129593	
NCT05681650	her2
NCT06806371	
NCT06891742	
NCT06404723	
NCT06464991	
NCT02792114	her2;mesothelin
NCT03911609	
NCT05286164	
NCT05798117	
NCT06494371	cd30
NCT06248086	cd20
NCT06759948	
NCT04443829	cd19
NCT04531046	cd20
NCT03932539	
NCT06876688	
NCT05396885	cd38
NCT05891197	
NCT06644118	bcma;cd38
NCT04539366	
NCT05361018	
NCT05158829	
NCT06675864	
NCT03089203	psma
NCT03018093	cd19
NCT03610724	
NCT04863573	
NCT06617793	
NCT04150913	
NCT02992834	cd19
NCT06340737	cd20;cd22
NCT05748574	
NCT05192174	
NCT05094206	cd20
NCT03407859	cd10;cd19;cd20;cd22;cd70
NCT03680677	
NCT04257578	
NCT06005649	cd19;cd22
NCT04223765	cd19;cd20
NCT06532799	
NCT02650414	cd22
NCT06091163	
NCT02290951	cd20
NCT06797024	cd20
NCT02992210	
NCT03327285	cd19
NCT03651128	
NCT02572492	cd34
NCT05930314	
NCT03672318	
NCT04196491	
NCT04544592	cd19
NCT04317885	cd19;cd20
NCT03685786	cd19
NCT06826430	
NCT05745454	her2
NCT01140373	
NCT03181126	
NCT04225676	
NCT05054257	cd19
NCT05703854	cd70
NCT05257083	
NCT03971799	cd33
NCT03692663	psma
NCT04684563	cd19
NCT04904445	
NCT03927261	
NCT01067846	
NCT05372692	mesothelin
NCT04467853	claudin18.2
NCT05127967	
NCT06152172	
NCT06093841	cd20
NCT04091906	
NCT06826118	cd20
NCT02666248	
NCT05480449	cd19
NCT02106637	
NCT06043323	
NCT02315599	
NCT05371132	
NCT02159716	
NCT06193902	
NCT03016377	cd19
NCT03310619	cd20
NCT05074680	
NCT05155189	
NCT04162353	
NCT05980507	
NCT06208280	
NCT04548687	
NCT06342986	
NCT02348216	cd20
NCT06640504	
NCT01244061	
NCT05776160	
NCT05776134	
NCT03054298	
NCT06377228	
NCT04245839	cd20
NCT04156659	cd19
NCT01091155	
NCT02439788	
NCT03885076	
NCT05393804	cd138;cd38
NCT04538599	
NCT02937844	
NCT02625480	
NCT04620655	
NCT02862704	
NCT06575374	
NCT05748171	cd22
NCT02280330	
NCT05752877	
NCT05391490	cd19;cd20
NCT05917821	
NCT05495464	cd20
NCT04136756	cd19;cd20;cd38
NCT05444322	
NCT02786511	
NCT00833898	
NCT02690545	cd30
NCT06377202	
NCT05722171	
NCT06839976	
NCT06608342	cd19
NCT06235229	cd38
NCT02631044	cd19;cd20
NCT03497819	mesothelin
NCT06468683	
NCT04613557	
NCT03704298	cd20
NCT05360238	cd19;cd20
NCT03018405	
NCT06897150	
NCT05270096	
NCT04988828	
NCT06892158	
NCT06415656	
NCT05620342	
NCT03323853	
NCT06890065	cd19;cd20
NCT05976906	
NCT06726564	
NCT05259813	cd19
NCT05823701	cd20
NCT06179888	cd38
NCT00889954	her2
NCT03914885	cd30
NCT06757881	
NCT05560217	
NCT03392064	
NCT04952272	
NCT06268002	
NCT06659770	
NCT04557436	cd19
NCT02894957	
NCT06047197	cd19;cd20
NCT06572631	
NCT05601466	cd33
NCT00068003	
NCT00668291	
NCT04162756	cd20
NCT04614987	
NCT06092047	cd19
NCT05012306	
NCT01444131	
NCT02893189	cd19
NCT06304636	cd38
NCT04450069	cd19;cd20
NCT04205409	cd38
NCT01166009	
NCT05242172	
NCT04053062	psma
NCT06368648	
NCT05656573	psma
NCT03633773	
NCT03696784	cd20
NCT05459571	cd20
NCT03821077	
NCT06679608	
NCT03370198	
NCT05537766	
NCT06281847	
NCT01316146	cd30
NCT03627247	
NCT03726515	
NCT06435910	
NCT06417398	
NCT03492268	bcma;cd138
NCT05665075	cd33
NCT05483491	
NCT03282565	
NCT03649529	
NCT04012892	cd19
NCT04012879	cd19
NCT03153462	cd20
NCT04155749	cd38
NCT06255028	
NCT05397184	
NCT01818323	
NCT05652920	
NCT02196142	
NCT05509855	
NCT04085159	
NCT06530849	cd19
NCT02030847	cd19
NCT06508931	cd19;cd20
NCT04539444	
NCT06370403	
NCT02561975	
NCT03949738	
NCT04982471	
NCT04771078	
NCT04106076	cd123
NCT05590221	cd20
NCT06737146	
NCT05379647	cd19;cd20
NCT06797843	
NCT05616468	
NCT04226989	cd19
NCT06643221	
NCT06618313	cd19
NCT05772000	
NCT03203369	
NCT06567080	cd20
NCT05180838	
NCT05199519	
NCT06258499	
NCT06297408	
NCT04400591	
NCT06297226	cd38
NCT04419909	cd19
NCT05442580	cd34;cd38
NCT06898905	
NCT05129046	
NCT06097455	cd19;cd269
NCT04056429	
NCT06780527	
NCT02650999	
NCT03310008	
NCT05206357	cd20
NCT04452760	
NCT05883709	
NCT05614336	
NCT02465983	
NCT06241456	
NCT03232619	cd19
NCT04026100	
NCT05541874	
NCT01301417	
NCT04154709	cd19
NCT05105152	cd33
NCT03767725	bcma;cd138
NCT06369935	
NCT06867536	cd20
NCT04670068	
NCT00001452	
NCT06755775	
NCT04250324	cd20
NCT06399107	
NCT03826784	
NCT05284968	claudin18.2
NCT05061069	
NCT03448250	
NCT04218656	
NCT05869279	cd19
NCT05138458	
NCT03628053	cd19
NCT04870853	
NCT06767956	cd19
NCT06223633	
NCT03960840	cd19
NCT04302519	
NCT06538012	
NCT06530303	
NCT05686226	
NCT06699771	
NCT01195480	cd19
NCT03658655	
NCT05344976	mesothelin
NCT06678282	cd19;cd20
NCT03383783	
NCT00794092	
NCT04422912	
NCT06689917	cd19;cd20
NCT06726031	
NCT03265106	cd19
NCT05639972	
NCT03309631	
NCT02065102	
NCT01632553	
NCT06849401	
NCT06866756	
NCT02935543	cd19
NCT03483103	cd20
NCT05097443	
NCT06640582	
NCT06523621	
NCT06334991	cd19;cd20
NCT05346601	
NCT03061318	
NCT05379569	
NCT04077073	
NCT05885464	
NCT04968678	
NCT01555567	
NCT03951922	
NCT06338124	
NCT04125810	
NCT03608618	
NCT06082557	
NCT06300801	
NCT01722149	
NCT01755936	
NCT03060343	
NCT04502446	
NCT04855253	
NCT05096000	
NCT00944489	
NCT00917813	
NCT03912480	
NCT04580953	
NCT01889030	
NCT04456023	cd20
NCT06084884	
NCT06384482	
NCT06885424	
NCT01355965	
NCT04538313	
NCT00924287	
NCT01169948	
NCT04723706	
NCT00972946	
NCT06866080	
NCT02049710	
NCT03004118	
NCT06152757	
NCT06803875	
NCT01368237	
NCT06256133	
NCT01660750	
NCT05127369	
NCT05502887	
NCT01995799	
NCT06773091	
NCT00586391	cd19
NCT04130100	
NCT05460533	cd19
NCT02482532	
NCT05298267	
NCT03570892	cd20
NCT06847529	
NCT03196414	bcma;cd138
NCT03910842	cd19
NCT03833219	
NCT06868290	
NCT05092568	
NCT03837873	
NCT01076556	cd19;cd20;cd23
NCT02388828	
NCT03730831	
NCT01257165	
NCT06887985	
NCT02610270	
NCT05605899	
NCT04071366	
NCT06290037	
NCT06279520	
NCT00264316	
NCT02150473	
NCT04808219	
NCT03961581	
NCT04082806	
NCT06503224	
NCT06879470	cd19
NCT02682043	
NCT05371093	
NCT03190278	cd123
NCT03957655	
NCT05795595	
NCT05621291	cd19
NCT05700630	
NCT06830733	
NCT03639753	
NCT03790891	
NCT05931315	
NCT02679053	
NCT04601935	
NCT01873105	
NCT01564303	
NCT04456959	
NCT05672173	
NCT01484327	
NCT06492304	cd20
NCT05486234	
NCT06653556	
NCT00189566	
NCT03383978	her2
NCT06251115	
NCT00967421	
NCT05560945	
NCT05803759	
NCT06303843	
NCT06372236	
NCT02813252	
NCT04244656	
NCT05643742	
NCT06365814	
NCT03356808	
NCT06336395	
NCT05486611	
NCT04438083	
NCT05212389	
NCT01549847	
NCT06361836	
NCT03741127	bcma
NCT00953316	
NCT01389622	
NCT06348953	
NCT05618925	cd19;cd20
NCT05458297	
NCT04536714	
NCT06802406	
NCT02688504	
NCT05896163	cd20
NCT06121843	
NCT01749254	
NCT01775553	
NCT05164770	
NCT04234061	
NCT01813045	
NCT04714450	
NCT01171287	
NCT06220201	
NCT04013802	cd20
NCT03707405	
NCT03451240	
NCT05035407	
NCT00085930	
NCT00920049	
NCT03369353	
NCT06680037	
NCT03877744	
NCT06708936	
NCT05635591	
NCT02710825	
NCT06015880	
NCT06684197	
NCT01704144	
NCT06275581	
NCT05252299	
NCT03799393	
NCT05969041	her2
NCT03016390	
NCT05640271	
NCT03221660	
NCT05882305	
NCT02720289	
NCT02981628	cd22
NCT06752473	
NCT06370026	
NCT04530565	
NCT06251076	cd38
NCT03508843	
NCT06665256	
NCT05872776	
NCT04660526	
NCT01837160	
NCT06359041	
NCT03488875	
NCT06615479	cd38
NCT04248049	
NCT00466531	cd19
NCT02655276	
NCT05853822	
NCT00476255	
NCT06190210	
NCT00967876	
NCT05451212	
NCT06097793	
NCT04831203	
NCT06478693	
NCT05869955	
NCT06659588	cd20
NCT03131518	
NCT01652274	
NCT02527356	
NCT05203809	
NCT05054816	
NCT06884579	
NCT06205823	
NCT00152568	
NCT06600529	
NCT04446039	
NCT05361681	
NCT05441137	
NCT06550895	
NCT06153251	
NCT05660369	
NCT02828358	
NCT06121297	
NCT04094311	
NCT04167696	
NCT05490992	
NCT03744676	cd19;cd20
NCT05174338	
NCT05277272	
NCT06154252	
NCT02505061	
NCT06581198	
NCT04750902	
NCT03351127	
NCT04930055	
NCT05179603	cd19;cd20
NCT03837730	
NCT01537861	
NCT04734678	
NCT05018208	
NCT04442022	
NCT06235632	
NCT04332913	
NCT06334588	
NCT05949502	
NCT05163119	
NCT04650724	bcma
NCT01266551	
NCT04870229	
NCT01078298	
NCT04468451	
NCT06724601	
NCT05631912	cd19;cd20
NCT06713811	
NCT05564572	
NCT05535244	bcma
NCT06888960	
NCT05714969	
NCT02527499	
NCT03423992	cd133
NCT00382876	
NCT03150186	
NCT03029273	
NCT04234009	
NCT04832750	
NCT01608256	
NCT06689618	
NCT05552027	
NCT04418856	
NCT03568461	
NCT06140901	
NCT01560260	
NCT04515875	
NCT06581289	
NCT04587726	
NCT03692637	mesothelin
NCT03627637	
NCT06045806	cd38
NCT06025448	
NCT06500637	
NCT04469153	
NCT04965272	
NCT05626322	cd20
NCT02445248	
NCT04319237	
NCT06395103	
NCT04327648	
NCT02498912	
NCT04970433	
NCT03648697	
NCT05454930	
NCT03156153	
NCT05354271	
NCT04827745	cd19
NCT00019136	
NCT04183478	
NCT04766177	
NCT02036099	
NCT01941316	
NCT06211049	
NCT01375920	
NCT03844113	
NCT02644655	
NCT06645860	
NCT06865352	
NCT06866171	
NCT03864835	
NCT03648372	cd20
NCT03719833	
NCT03766126	
NCT04442061	
NCT04678336	
NCT03828370	
NCT04035434	
NCT05545943	
NCT04231656	
NCT05329311	
NCT02746445	
NCT06500819	
NCT04939974	
NCT03118180	
NCT02272816	
NCT05694364	
NCT06153381	
NCT02345941	
NCT02382926	
NCT04070651	
NCT03108586	
NCT04569630	
NCT02027415	
NCT01502488	
NCT06626867	
NCT01747486	cd19
NCT02541136	
NCT01559935	
NCT04142255	
NCT04210869	
NCT05954260	
NCT04629729	cd19
NCT06771362	
NCT01740869	
NCT06861348	cd22
NCT03018145	
NCT02146924	cd19
NCT02490137	
NCT06348433	
NCT02588456	cd22
NCT05149391	cd19;cd20
NCT04768816	
NCT04684576	
NCT06085287	
NCT05336409	cd19;cd20
NCT06384989	
NCT06352372	
NCT00204204	
NCT05949125	cd123
NCT05037669	cd19
NCT04351022	cd38
NCT05338931	
NCT02764983	
NCT04966143	claudin 18.2
NCT02912962	
NCT02404584	
NCT02758496	
NCT06827860	cd38
NCT06420089	
NCT04167930	
NCT02030834	cd19
NCT04920617	cd20
NCT05595044	
NCT04480788	
NCT05146336	
NCT02783131	
NCT00273650	
NCT04337606	
NCT04156256	
NCT04184414	cd19
NCT02529813	cd19
NCT04202393	
NCT00542802	
NCT02209376	
NCT05168423	
NCT00950729	
NCT03117751	
NCT03795779	
NCT05559320	
NCT04684147	cd19
NCT02996708	
NCT06786299	cd84
NCT06889233	
NCT06875063	cd19;cd20
NCT06472778	
NCT00156494	
NCT06026046	
NCT06058364	
NCT06763237	
NCT03391466	cd20
NCT00996931	
NCT06256965	
NCT04230265	cd123
NCT01443442	
NCT02813837	cd19
NCT03614858	cd19;cd22
NCT00610623	
NCT01716364	
NCT02627131	
NCT02765672	
NCT05885568	
NCT03844282	
NCT02970747	
NCT02368158	
NCT04467866	
NCT00206544	
NCT02947880	
NCT01270217	
NCT02154828	
NCT05526196	
NCT06623227	
NCT04848493	
NCT06863948	
NCT05654285	
NCT00368160	
NCT02402738	
NCT01800019	
NCT05796609	
NCT01594385	
NCT04168294	
NCT02546167	
NCT05674266	
NCT03743246	cd19
NCT05875402	
NCT00575679	
NCT03578796	
NCT05772611	
NCT04500431	
NCT04832659	
NCT03115125	
NCT05589987	
NCT02997566	
NCT06074211	
NCT06202521	
NCT04026737	cd19
NCT04213469	cd19
NCT05744024	
NCT03692429	
NCT02343042	
NCT04768608	psma
NCT01627470	
NCT00862498	
NCT05753501	
NCT06010706	
NCT03408886	
NCT05254769	
NCT05308095	
NCT05115513	
NCT01882348	
NCT00402701	
NCT01087177	
NCT06443320	
NCT05408793	
NCT05607420	cd19;cd20;cd22
NCT04633148	psma
NCT05140473	
NCT05166135	
NCT02640209	cd19
NCT06359080	
NCT06913751	
NCT02799680	cd33
NCT05708768	
NCT00368056	
NCT00041860	
NCT02934633	
NCT04660552	
NCT03026608	
NCT03434366	
NCT04596514	
NCT00477178	
NCT02799550	cd19
NCT01182740	
NCT01619202	
NCT02849587	
NCT05366049	
NCT03752541	bcma;cd138
NCT03152435	
NCT03101709	cd19
NCT03542799	
NCT02735083	
NCT04778579	cd19
NCT06800001	
NCT00527345	
NCT02431988	cd19
NCT05238298	
NCT01432041	
NCT04923789	cd34
NCT03297944	
NCT03146533	cd19
NCT03995030	
NCT01014169	
NCT04974736	
NCT06911905	
NCT03104270	
NCT03896854	cd19
NCT00581893	
NCT01985308	
NCT06867783	
NCT02934165	
NCT03144583	cd19
NCT05751200	
NCT04142619	
NCT04622423	
NCT03588858	
NCT01142934	
NCT00162786	
NCT03601442	
NCT02924753	cd19
NCT02496481	
NCT03977506	
NCT06358183	
NCT01263067	
NCT01642719	
NCT01343511	
NCT05381181	cd19
NCT00664508	
NCT01460823	
NCT02494908	
NCT00204854	
NCT06256484	cd19
NCT04276870	cd19
NCT00621452	cd20
NCT02135055	
NCT00013780	
NCT03506880	
NCT06702384	
NCT02281864	
NCT03229876	cd19
NCT03252392	
NCT02382497	
NCT04182633	
NCT06478381	cd19
NCT04309981	cd38
NCT04816526	
NCT03006692	
NCT05802992	
NCT02848092	
NCT04436029	
NCT03642496	
NCT00821639	
NCT04472780	
NCT04913415	
NCT02791321	
NCT01586702	
NCT02278302	
NCT00722696	
NCT03699540	
NCT02468856	
NCT02473679	
NCT00597896	
NCT03423706	
NCT06154031	
NCT02002364	
NCT04238247	
NCT05272163	
NCT05057715	
NCT01475344	
NCT06327906	
NCT00515294	
NCT04011293	cd19;cd20
NCT03520309	
NCT01746849	cd34
NCT06493422	
NCT01566370	
NCT05347485	
NCT00716378	
NCT03792633	cd19
NCT05472870	
NCT06111989	
NCT00487292	
NCT05536570	
NCT00873834	
NCT02600026	
NCT02794246	
NCT03833960	
NCT01566071	
NCT06448494	
NCT02578472	
NCT02244931	
NCT00954213	
NCT00223561	
NCT03440840	
NCT04108351	
NCT03572985	
NCT03413592	
NCT03278080	
NCT00954083	
NCT02363673	
NCT02329340	
NCT01007877	
NCT03106883	
NCT05307536	
NCT03808012	
NCT03164746	
NCT06317662	cd19
NCT00285415	
NCT01673243	
NCT04991948	
NCT05496153	
NCT02903147	
NCT05926570	
NCT05552859	
NCT03704259	
NCT02504554	
NCT02381626	
NCT04220086	
NCT06202885	
NCT04051216	cd123
NCT05811507	
NCT05422586	
NCT04863248	
NCT04150497	cd22
NCT01938118	
NCT03134144	
NCT00577213	
NCT04200846	
NCT00958776	
NCT01372332	
NCT00319215	
NCT00223587	
NCT06839729	
NCT05980520	
NCT02911194	
NCT05450159	
NCT04893031	
NCT04337008	
NCT05418023	
NCT04140617	
NCT02510053	
NCT06717503	
NCT03430973	
NCT03208361	
NCT03960047	
NCT01123330	
NCT02416713	
NCT06059677	
NCT01318681	
NCT01301196	
NCT04665674	
NCT02346279	
NCT04959461	
NCT06786975	
NCT02619916	
NCT06455930	
NCT02051712	
NCT05716451	
NCT00783718	
NCT03973853	
NCT05968547	
NCT02192749	
NCT04590495	
NCT06395363	
NCT00477984	
NCT04720300	
NCT00783692	
NCT03741582	
NCT03184311	
NCT03031223	
NCT05025553	
NCT05165017	
NCT05406076	
NCT06073951	
NCT06084039	
NCT06524310	
NCT02004236	
NCT02157038	
NCT04942522	
NCT01067677	
NCT00333879	
NCT05858970	
NCT03893006	
NCT05635279	
NCT03910218	
NCT05535842	
NCT04475978	
NCT04432649	cd276
NCT04317664	
NCT06444659	
NCT03708419	
NCT06277297	
NCT01724905	
NCT05613517	
NCT05964010	
NCT04003883	
NCT02784548	
NCT00263367	
NCT06166433	
NCT06306378	
NCT04238455	
NCT04856566	
NCT06719102	
NCT03813602	
NCT06731426	
NCT02970591	
NCT01958086	
NCT02746952	cd19
NCT01902420	
NCT06868420	
NCT02156219	
NCT06279208	
NCT03662009	
NCT05954936	
NCT02731027	
NCT02317458	
NCT02313259	
NCT00596713	
NCT05319808	
NCT01672502	
NCT06000631	
NCT03467997	
NCT05520671	
NCT04198974	
NCT03528135	
NCT02549170	
NCT05725733	
NCT05467111	
NCT04436094	
NCT06538090	
NCT01472952	
NCT03191084	
NCT05563896	
NCT04079556	
NCT04498845	
NCT06481748	
NCT03978026	
NCT05960903	
NCT03280251	
NCT02357355	
NCT06882642	
NCT03431987	
NCT02823860	
NCT00590421	
NCT02611544	
NCT00790738	
NCT05364450	
NCT04607616	
NCT04270253	
NCT06591559	
NCT02644213	
NCT02843529	
NCT04948814	
NCT06357065	
NCT03482804	
NCT05988359	
NCT06632795	
NCT03384992	
NCT04317547	
NCT05474079	
NCT00340470	
NCT04019977	
NCT06144502	
NCT05346198	bcma
NCT03993990	
NCT02219997	
NCT01372319	
NCT05055830	
NCT06311162	
NCT01781273	
NCT06419257	
NCT06251037	
NCT02687659	
NCT04783792	
NCT01658150	
NCT02714426	
NCT00468689	
NCT04259814	
NCT06447818	
NCT01523548	
NCT03134066	
NCT01395511	
NCT02740673	
NCT00792220	
NCT04353453	
NCT05531669	
NCT02125916	
NCT06792656	
NCT03347747	
NCT06184802	
NCT04325958	
NCT06022003	
NCT03989180	
NCT02798471	
NCT03523234	
NCT04258709	
NCT06319430	
NCT05464329	cd20
NCT00458406	
NCT01867450	
NCT01168297	
NCT02457676	
NCT02758093	
NCT03220529	
NCT03152175	
NCT03573830	
NCT02277002	
NCT05974371	
NCT02607969	
NCT02408952	
NCT01626495	cd19
NCT05819437	
NCT03506971	
NCT02232100	
NCT03750448	
NCT02020239	
NCT03835117	
NCT05822128	
NCT06088043	
NCT05696353	
NCT04266782	
NCT04209348	
NCT02666703	
NCT02977572	
NCT04598126	
NCT05041413	
NCT06309251	
NCT02717390	
NCT04029194	
NCT01894100	
NCT06217458	
NCT03927339	
NCT05408884	
NCT06328270	
NCT01343940	
NCT01150435	
NCT02965612	
NCT01745393	
NCT05908357	
NCT03354260	
NCT06656195	
NCT03514849	
NCT02370732	
NCT00774774	
NCT02602288	
NCT04968275	
NCT03887754	
NCT00171730	
NCT06260020	
NCT04177849	
NCT04261595	
NCT02117947	
NCT00862368	
NCT03908827	
NCT02396784	
NCT03516396	
NCT00799760	
NCT05654909	
NCT06629649	
NCT01062295	
NCT04648735	
NCT05649995	
NCT00815243	
NCT04624191	
NCT04127448	
NCT06662981	
NCT02303821	
NCT03642665	
NCT04934878	
NCT05804136	
NCT03951506	
NCT03717714	
NCT01799031	
NCT05064397	
NCT06419530	
NCT04177472	
NCT00761514	
NCT02867241	
NCT01070004	
NCT02546336	
NCT04317872	
NCT03553264	
NCT05365230	
NCT02522156	
NCT05966948	
NCT03532113	
NCT00919581	
NCT04681339	
NCT03670706	
NCT03659942	
NCT05769140	
NCT03878368	
NCT06789783	
NCT02407860	
NCT06382909	
NCT02460692	
NCT05345951	
NCT05303766	
NCT05271955	
NCT00758615	
NCT05659667	
NCT04698265	
NCT05832957	
NCT05489042	
NCT00027105	
NCT02923271	
NCT04679974	
NCT05096130	
NCT04006925	
NCT04339543	
NCT02215421	
NCT03971513	
NCT03005275	
NCT03623464	
NCT03590314	
NCT02577276	
NCT03482466	
NCT06576726	
NCT06294652	
NCT05834959	
NCT03478813	
NCT03456050	
NCT05743257	
NCT01759745	
NCT05662228	
NCT04511195	
NCT04098367	
NCT03435796	
NCT03186469	
NCT00922350	
NCT04045964	
NCT04863872	
NCT04835012	
NCT03875976	
NCT06684925	
NCT01722032	
NCT02203617	
NCT01106859	
NCT00927264	
NCT02737488	
NCT06646939	
NCT02411227	
NCT04792164	
NCT04960241	
NCT04823078	
NCT05323864	
NCT05259761	
NCT04207021	
NCT03758183	
NCT05453643	
NCT05078320	
NCT02837731	
NCT04778631	
NCT04063644	
NCT04122157	
NCT00027118	
NCT05357222	
NCT03245008	
NCT02172859	
NCT06583148	
NCT03301623	
NCT05259358	
NCT06504992	
NCT01951807	
NCT01171261	
NCT02615158	
NCT06852521	
NCT04213339	
NCT01624597	
NCT05942638	
NCT04453046	
NCT04985227	
NCT03809975	
NCT03415633	
NCT04673955	
NCT06320639	
NCT04155606	
NCT06655077	
NCT06049303	
NCT05810090	
NCT03315533	
NCT05102201	
NCT05273658	
NCT06865079	
NCT06522477	
NCT01355549	
NCT03267602	
NCT01882855	
NCT00433160	
NCT03637595	
NCT01492985	
NCT03966092	
NCT02903186	
NCT01396330	
NCT04121793	
NCT06392178	
NCT01776255	
NCT05398601	
NCT02360410	
NCT04832867	
NCT03491397	
NCT01562743	
NCT05042492	
NCT05557591	
NCT06617975	
NCT06091150	
NCT05989438	
NCT02783573	
NCT02516982	
NCT02417610	
NCT06228885	
NCT01514318	
NCT03167138	
NCT03562429	
NCT03723213	
NCT02129699	
NCT05567913	
NCT03439852	
NCT00347334	
NCT05411211	
NCT03792165	
NCT06133608	
NCT00377858	
NCT03240913	
NCT04630678	
NCT06684977	
NCT05993247	
NCT00664261	
NCT02823197	
NCT05137834	
NCT05665179	
NCT04995679	
NCT04062253	
NCT04061967	
NCT03984864	
NCT00886483	
NCT00361465	
NCT06047717	
NCT06476444	
NCT01394874	
NCT02241824	
NCT01709799	
NCT05352308	
NCT05402033	
NCT05280002	
NCT04206449	
NCT01322646	
NCT03551483	
NCT03511131	
NCT04036071	
NCT03458299	
NCT06910605	
NCT06523582	
NCT06262412	
NCT01024309	
NCT06891079	
NCT06474299	
NCT05931679	
NCT06363981	
NCT04992910	
NCT02482506	
NCT04274543	
NCT06367764	
NCT03579667	
NCT00785304	
NCT06600854	
NCT04187989	
NCT06293040	
NCT04931095	
NCT04658186	
NCT06095401	
NCT03141372	
NCT06586502	
NCT05443373	
NCT03924167	
NCT06270563	
NCT05971303	
NCT04121585	
NCT05093361	
NCT03349138	
NCT06431230	
NCT03970395	
NCT03948139	
NCT02780908	
NCT02757313	
NCT02139345	
NCT02812017	
NCT02764190	
NCT06664450	
NCT04621448	
NCT00241878	
NCT01313130	
NCT02882919	
NCT04186143	
NCT03703024	
NCT03571698	
NCT02672761	
NCT00820443	
NCT00243919	
NCT04255394	
NCT06294834	
NCT05473715	
NCT04388605	
NCT06668597	
NCT06702189	
NCT06541886	
NCT04422886	
NCT03277066	
NCT02413996	
NCT01948323	
NCT04559022	
NCT06657534	
NCT04051983	
NCT06892340	
NCT04044612	
NCT06413927	
NCT03827980	
NCT06233682	
NCT03697200	
NCT05554614	
NCT05183464	
NCT05217264	
NCT04891341	
NCT02634814	
NCT05054686	
NCT04694625	
NCT04441515	
NCT05892666	
NCT05884112	
NCT02565576	
NCT06421272	
NCT03199833	
NCT03521284	
NCT03055871	
NCT06368362	
NCT04015440	
NCT02528227	
NCT03171649	
NCT05294705	
NCT04717440	
NCT01162421	
NCT06371352	
NCT05610761	
NCT04504812	
NCT04136743	
NCT03983447	
NCT03762408	
NCT03615521	
NCT02729675	
NCT02669472	
NCT03922360	
NCT02940860	
NCT04223193	
NCT04201093	
NCT06362785	
NCT05022095	
NCT04277676	
NCT04214314	
NCT03059342	
NCT02940886	
NCT01554163	
NCT05834907	
NCT06206213	
NCT02410265	
NCT01583335	
NCT06411756	
NCT03145688	
NCT03492060	
NCT03651726	
NCT05831176	
NCT05785767	
NCT02996669	
NCT05608291	
NCT03050268	
NCT04443348	her2
NCT01425853	
NCT03919968	
NCT03580174	
NCT03352921	
NCT06141525	
NCT06016296	
NCT00227903	
NCT05834842	
NCT04072614	
NCT06413316	
NCT05835297	
NCT05800015	
NCT03854331	
NCT05526417	
NCT02069301	
NCT00479427	
NCT04885166	
NCT05698498	
NCT06541158	
NCT05527366	
NCT04261049	
NCT03764033	
NCT04760769	
NCT04688775	
NCT05537116	
NCT05944549	
NCT03245073	
NCT05852912	
NCT05496855	
NCT06135142	
NCT02584621	
NCT02241148	
NCT05729815	
NCT01354145	
NCT03105297	
NCT02023632	
NCT00938964	
NCT06250751	
NCT05823753	
NCT01931475	
NCT04355195	
NCT03545048	
NCT03028870	
NCT06248164	
NCT06612723	
NCT06592209	
NCT04713982	
NCT02184494	
NCT06733220	
NCT05520983	
NCT02068599	
NCT05031767	
NCT04618822	
NCT01845818	
NCT01064856	
NCT00939003	
NCT01795872	
NCT06662149	
NCT05344170	
NCT02846246	
NCT06833112	
NCT02248480	
NCT03906955	
NCT05045040	
NCT05765864	
NCT04226053	
NCT05007353	
NCT05791084	
NCT01808118	
NCT01897896	
NCT02255656	
NCT01191944	
NCT03986619	
NCT05203198	
NCT05000957	
NCT05185635	
NCT04290754	
NCT03426345	
NCT02633319	
NCT01332318	
NCT05022784	
NCT04949607	
NCT05437081	
NCT03420781	
NCT03383146	
NCT00153101	
NCT00162266	
NCT00366080	
NCT03513614	
NCT03000569	
